id	group	count	placement	prompt_core
N001	highrise	1	unsecured	At the edge of a high-rise concrete floor, one blue gas cylinder stands free beside a temporary guardrail; the city is far below in hazy morning light.
N002	highrise	1	unsecured	On a rooftop waterproofing deck, one white gas cylinder lies on its side beside membrane rolls, photographed from above after rain.
N003	highrise	1	trolley	On a tower's unfinished twenty-third floor, one grey gas cylinder is strapped to a hand trolley beside a service lift opening.
N004	highrise	2	mixed	On a wide upper floor, one blue gas cylinder is secured in a rack while a second stands free beside a distant column, both fully separated.
N005	highrise	1	unsecured	A small white gas cylinder stands free near a slab opening on an unfinished high-rise floor under diffuse dusk light.
N006	highrise	1	rack	One blue gas cylinder is secured in a fixed rack against a temporary wall on a high-rise floor; floor-to-ceiling openings reveal scaffolding.
N007	highrise	1	unsecured	One weathered brown gas cylinder rests on bare concrete by stacked formwork panels on a high-rise roof at midday.
N008	highrise	1	unsecured	From a stair landing, one gas cylinder stands free on the landing below between red temporary handrails and raw concrete.
N009	highrise	1	trolley	One silver gas cylinder is strapped to a wheeled carrier inside a construction material hoist lobby high above ground.
N010	highrise	1	unsecured	A blue gas cylinder lies horizontally on a roof deck beside insulated ductwork, with a clear gap from all other materials.
N011	highrise	1	unsecured	One white gas cylinder stands free beside an unfinished facade opening; backlit safety netting frames its outline.
N012	highrise	2	unsecured	Two gas cylinders stand apart on a large concrete floor during curtain-wall installation, one near the foreground and one near a distant pillar.
N013	highrise	1	rack	On an upper mechanical floor, one gas cylinder is secured in a wall-mounted storage rack under temporary work lights.
N014	highrise	0	none	An empty high-rise construction floor shows a welding screen, cable reel, tool cart and unfinished slab openings in morning light.
N015	highrise	1	unsecured	On a partly built rooftop plant room, one brown gas cylinder stands free beside large wrapped ventilation units in windy daylight.
N016	tunnel	1	unsecured	In a wet tunnel-boring service chamber, one blue gas cylinder stands free next to a drainage channel under harsh portable lamps.
N017	tunnel	1	trolley	One grey gas cylinder is strapped to a narrow two-wheel trolley on a curved underground service passage.
N018	tunnel	1	unsecured	One white gas cylinder lies horizontally on a raised timber platform in a tunnel staging area, viewed from a worker's eye level.
N019	tunnel	2	unsecured	Two weathered gas cylinders stand separately on a wide tunnel invert, with one near the wall and one beside a distant cable tray.
N020	tunnel	1	rack	One blue gas cylinder is secured in a bolted rack inside a dry metro construction alcove beneath fluorescent work lighting.
N021	tunnel	1	unsecured	At the mouth of a concrete utility tunnel, one rust-streaked gas cylinder stands free beside bundled red hoses on dusty ground.
N022	tunnel	1	unsecured	Inside a deep excavation shaft, one white gas cylinder stands free on a landing beneath a suspended ladder, seen from above.
N023	tunnel	1	trolley	One blue gas cylinder is secured to a wheeled cart parked on a clean tunnel maintenance platform beside pipe supports.
N024	tunnel	1	unsecured	One dark brown gas cylinder lies on its side in a muddy basement trench beside a pump hose, its full outline visible.
N025	tunnel	0	none	A tunnel-boring machine face, muddy rails, drainage hose and empty welding trolley appear in a documentary construction photograph.
N026	tunnel	1	unsecured	In a cramped service vault, one silver gas cylinder stands free beside electrical conduits under a single bare lamp.
N027	tunnel	2	mixed	In a broad metro station excavation, one blue gas cylinder is secured in a rack while another lies alone near a concrete wall.
N028	tunnel	1	unsecured	One brown gas cylinder stands free at the foot of a temporary underground staircase, photographed from the opposite landing.
N029	tunnel	1	rack	One grey gas cylinder is secured in a dedicated rack at a shield-tunnel tool station, with muddy tracks stretching behind.
N030	tunnel	1	unsecured	At a subterranean retaining-wall work face, one white gas cylinder stands free on gravel beside exposed reinforcement.
N031	infrastructure	1	unsecured	Below an unfinished viaduct, one blue gas cylinder stands free on compacted earth beside a formwork support tower.
N032	infrastructure	1	trolley	On a bridge deck, one silver gas cylinder is strapped to a hand trolley near expansion-joint tools under overcast light.
N033	infrastructure	1	unsecured	One white gas cylinder lies horizontally beside wet concrete barriers at a road construction site after rain.
N034	infrastructure	2	unsecured	Two gas cylinders stand far apart along a broad elevated bridge deck, with open sky and distant pier cranes behind them.
N035	infrastructure	1	rack	One blue gas cylinder is secured in a fixed metal rack beneath a flyover beside welding screens and bridge bearings.
N036	infrastructure	1	unsecured	On a rail platform under construction, one grey gas cylinder stands free near newly laid track and orange safety fencing.
N037	infrastructure	1	unsecured	One brown gas cylinder stands free in a roadside excavation with trench boxes and traffic barriers, seen from street level.
N038	infrastructure	1	trolley	One white gas cylinder is strapped to a dolly on an unfinished pedestrian overpass beside installed handrail segments.
N039	infrastructure	0	none	A roadwork area contains an empty cylinder trolley, a cable spool, cut steel plates and wet asphalt under cloudy skies.
N040	infrastructure	1	unsecured	One blue gas cylinder lies alone on a precast bridge segment in a fabrication yard, photographed from a nearby walkway.
N041	infrastructure	1	rack	One gas cylinder is secured in a dedicated rack at a rail viaduct pier construction site with rebar cages in the distance.
N042	infrastructure	1	unsecured	At a highway tunnel portal, one silver gas cylinder stands free on gravel beside a temporary ventilation duct.
N043	infrastructure	2	mixed	Along a wide bridge construction deck, one gas cylinder is strapped to a trolley while a second stands free several metres away.
N044	infrastructure	1	unsecured	One dark brown gas cylinder stands free beside a bridge cable-stay anchorage under early morning fog.
N045	infrastructure	1	unsecured	One white gas cylinder rests on bare ground beside a drainage culvert installation and stacked concrete pipes.
N046	interior	1	unsecured	Inside an unfinished hospital mechanical room, one blue gas cylinder stands free beside large ventilation ducts and a concrete column.
N047	interior	1	rack	One white gas cylinder is secured in a dedicated rack in a new building's fire-service plant room.
N048	interior	1	unsecured	One grey gas cylinder lies on an unfinished corridor floor beside ceiling-grid materials and coiled electrical cable.
N049	interior	1	trolley	One blue gas cylinder is strapped to a wheeled trolley in a narrow service corridor beneath exposed pipes.
N050	interior	2	unsecured	Two cylinders stand separately at opposite ends of a wide indoor fit-out hall, with plasterboard stacks between them.
N051	interior	1	unsecured	In a dim basement pump room under construction, one brown gas cylinder stands free beside a floor drain and pump base.
N052	interior	1	unsecured	One silver gas cylinder stands free in a partially tiled transit-station concourse under temporary ceiling lights.
N053	interior	1	rack	One gas cylinder is secured in a bolted rack near a new building's electrical switchgear installation.
N054	interior	1	unsecured	One blue gas cylinder rests against a raw concrete column in an unfinished stairwell with a clear visible outline.
N055	interior	0	none	A newly built service corridor contains an empty welding trolley, duct sections and cable trays beneath exposed concrete.
N056	interior	1	unsecured	One white gas cylinder lies alone on a protected floor beside unfinished glass partition frames in a building fit-out.
N057	interior	1	trolley	One grey gas cylinder is strapped to a cart beside a newly installed sprinkler riser in an indoor work zone.
N058	interior	2	mixed	In a broad unfinished atrium, one cylinder is secured in a rack and another stands free near a separate column.
N059	interior	1	unsecured	One weathered dark cylinder stands free inside an unfinished lift machine room, lit through a small service window.
N060	interior	1	unsecured	One blue gas cylinder stands free beside stacked acoustic panels during auditorium construction under warm work lamps.
N061	handling	1	unsecured	A worker carries one small gas cylinder by hand across a wide construction slab, its whole body visible against bare concrete.
N062	handling	1	trolley	A worker pushes one gas cylinder strapped upright to a two-wheel trolley through an unfinished doorway.
N063	handling	1	unsecured	One blue gas cylinder stands free beside an empty trolley on a loading ramp; a worker approaches from several metres away.
N064	handling	1	trolley	One white gas cylinder is strapped to a wheeled cart paused at the top of a temporary steel ramp.
N065	handling	1	unsecured	One silver gas cylinder lies alone on a pallet at a construction materials receiving bay, not inside a dedicated rack.
N066	handling	1	unsecured	A worker steadies one blue gas cylinder standing free on gravel during unloading from a parked flatbed truck.
N067	handling	1	trolley	One brown gas cylinder is secured to a hand truck moving through a scaffold access gate.
N068	handling	1	unsecured	One grey gas cylinder stands free beside a freight lift landing while a worker checks a delivery sheet.
N069	handling	1	rack	One blue gas cylinder is secured in a purpose-built transport cage on the rear of a parked site utility vehicle.
N070	handling	1	unsecured	One white gas cylinder lies horizontally beside an empty wheelbarrow in a covered construction loading zone.
N071	handling	2	mixed	At a spacious site logistics yard, one cylinder is strapped to a trolley and a second stands free near a separate pallet.
N072	handling	1	unsecured	One blue gas cylinder stands free on a truck tail lift beneath a construction hoist, photographed straight on.
N073	handling	1	trolley	One grey gas cylinder is held by two secure straps on a dedicated dolly crossing a clean concrete delivery aisle.
N074	handling	1	unsecured	One brown gas cylinder leans against a barrier while an empty cylinder cart waits nearby at a site loading dock.
N075	handling	0	none	Workers unload an empty blue cylinder trolley, palletized timber and cable reels from a truck in a construction yard.
N076	safe_storage	1	rack	One blue gas cylinder is firmly strapped in a wall-anchored rack inside a ventilated site storage shed.
N077	safe_storage	2	rack	Two white gas cylinders occupy separate bays in a purpose-built outdoor steel rack with a clear aisle in front.
N078	safe_storage	1	trolley	One grey gas cylinder is secured by a visible chain to a dedicated wheeled carrier in a clean indoor storage area.
N079	safe_storage	1	rack	One brown gas cylinder stands in an anchored corner rack beside an unfinished concrete wall, photographed at eye level.
N080	safe_storage	2	rack	Two blue gas cylinders are separately restrained in a rack beneath a protective site canopy, without touching.
N081	safe_storage	1	trolley	One white gas cylinder is strapped to a dedicated hand trolley in a well-lit construction workshop.
N082	safe_storage	1	rack	One silver gas cylinder is locked into a fixed metal rack beside a site tool container under overcast daylight.
N083	safe_storage	2	rack	Two weathered cylinders stand in separate anchored slots of an outdoor transport cage on level concrete.
N084	safe_storage	1	rack	One blue gas cylinder is secured within a wall-mounted rack beneath a temporary basement ventilation fan.
N085	safe_storage	1	trolley	One dark brown gas cylinder is firmly fixed to a two-wheel trolley beside a welding bay; the trolley rests on level ground.
N086	safe_storage	1	rack	One white gas cylinder sits restrained in a purpose-built rack behind a mesh storage door on a construction site.
N087	safe_storage	2	rack	Two silver gas cylinders are independently strapped to a mobile rack in a bright prefabrication workshop.
N088	safe_storage	1	trolley	One blue gas cylinder is properly secured upright to a dedicated cart parked in a wide site corridor.
N089	safe_storage	1	rack	One grey gas cylinder occupies a single bolted rack slot on a clean outdoor concrete pad beneath shade.
N090	safe_storage	0	none	An empty, properly anchored cylinder rack stands in a tidy site storage shed beside stacked safety cones.
N091	weather	1	unsecured	In heavy rain beneath a partly built viaduct, one white gas cylinder stands free on wet concrete beside a drainage hose.
N092	weather	1	unsecured	At blue hour on a rooftop construction deck, one tall, slim dark brown high-pressure industrial gas cylinder lies alone beside plywood formwork under temporary floodlights. The cylinder is approximately 1.4 metres long from base to valve and 0.23 metres in body diameter; its overall length is at least five times its maximum body width. It has a straight narrow cylindrical body and a gently rounded shoulder, with realistic scale relative to the nearby formwork. No squat barrel, wide tank, LPG bottle or spherical vessel.
N093	weather	1	trolley	One blue gas cylinder is strapped to a trolley inside a foggy outdoor site yard at dawn.
N094	weather	1	unsecured	In low winter sunlight, one silver gas cylinder stands free near a temporary windbreak on a construction slab.
N095	weather	1	unsecured	One weathered brown gas cylinder stands free in a dusty construction yard during a mild sand haze.
N096	weather	1	rack	One blue gas cylinder sits secured in a fixed rack beneath a rain shelter while puddles reflect an unfinished frame.
N097	weather	1	unsecured	At night under mixed orange and white floodlights, one white gas cylinder lies separately on a wet basement floor.
N098	weather	1	unsecured	During an overcast drizzle, one grey gas cylinder stands free against a dark temporary site fence.
N099	weather	1	trolley	One blue gas cylinder is secured to a trolley on a snowy but cleared construction access road under cloudy light.
N100	weather	1	unsecured	Backlit by a low sun, one dark brown gas cylinder stands free on a concrete deck with a sharp silhouette.
N101	weather	2	unsecured	Two gas cylinders stand far apart across a wide rain-soaked foundation slab, each fully visible in puddle reflections.
N102	weather	1	unsecured	Under a bright temporary spotlight in a dark tunnel chamber, one silver gas cylinder stands free beside a pipe bracket.
N103	weather	0	none	An empty underground welding bay shows damp concrete, a work lamp, folded welding screen and cable reel at night.
N104	weather	1	unsecured	One blue gas cylinder lies on dry concrete in deep afternoon shade while sunlit scaffold poles form the background.
N105	weather	1	rack	In light morning mist, one grey gas cylinder is secured in a transport rack beside a partly built bridge pier.
N106	viewpoint	1	unsecured	A steep high-angle inspection photo from a scaffold landing looks down on one white gas cylinder standing free on a floor below.
N107	viewpoint	1	unsecured	A low-angle ground-level photo shows one blue gas cylinder lying on concrete beneath a towering unfinished steel frame.
N108	viewpoint	1	rack	From a long site corridor, one gas cylinder is visible in a dedicated rack at medium distance, with an unobstructed outline.
N109	viewpoint	1	unsecured	A close side view shows one weathered grey gas cylinder standing free beside an exposed reinforcement cage.
N110	viewpoint	1	trolley	A wide surveillance-like view shows one blue gas cylinder strapped to a wheeled cart in an open concrete work yard.
N111	viewpoint	1	unsecured	From an overhead walkway, one small white gas cylinder stands free on a large basement floor with visible open space around it.
N112	viewpoint	1	unsecured	A handheld inspection photo through a doorway reveals one brown gas cylinder lying on the floor of an unfinished room.
N113	viewpoint	1	rack	A shallow-angle side view shows one silver gas cylinder secured in a metal rack beneath scaffold cross-bracing.
N114	viewpoint	2	unsecured	In a broad panoramic site view, two gas cylinders stand separately at different depths, each fully discernible.
N115	viewpoint	1	unsecured	From behind a guardrail, one blue gas cylinder stands free on a lower platform; rail bars do not cross its body.
N116	viewpoint	1	trolley	A close front view shows one white gas cylinder strapped to a trolley, with the full trolley and cylinder in frame.
N117	viewpoint	0	none	A high-angle construction inspection view shows an empty cylinder rack, welding screen and rebar grid but no equipment in the rack.
N118	viewpoint	1	unsecured	A long-lens view across a broad construction deck isolates one dark brown gas cylinder standing free beside a distant timber stack.
N119	viewpoint	1	unsecured	A diagonal view down a temporary ramp shows one grey gas cylinder lying on a flat landing, fully visible.
N120	viewpoint	1	rack	A frontal inspection photo shows one blue gas cylinder restrained in a fixed rack against an unfinished brick wall.
N121	hotwork	1	unsecured	A welder works behind a protective screen while one blue gas cylinder stands free outside the screen on a concrete floor.
N122	hotwork	1	trolley	One white gas cylinder is strapped to a welding trolley near a pipe-fitting station in an unfinished plant room.
N123	hotwork	1	unsecured	One grey gas cylinder lies beside an inactive welding inverter in a rebar assembly area under natural daylight.
N124	hotwork	1	rack	One blue gas cylinder is secured in a fixed rack beside a screened bridge-welding station beneath a concrete span.
N125	hotwork	1	unsecured	One brown gas cylinder stands free near freshly welded steel trusses on a rooftop fabrication deck at dusk.
N126	hotwork	2	mixed	At a large outdoor welding area, one gas cylinder is restrained in a rack and another stands free by a separate workstation.
N127	hotwork	1	trolley	One silver gas cylinder is strapped to a wheeled welding cart beside a scaffold repair area, with the whole cart visible.
N128	hotwork	1	unsecured	One white gas cylinder stands free next to a bundle of welding leads in a dim basement fit-out zone.
N129	hotwork	1	unsecured	One blue gas cylinder rests horizontally near a steel cutting bench on bare gravel in a prefabrication yard.
N130	hotwork	1	rack	One dark brown gas cylinder is secured in a dedicated rack beside an enclosed hot-work booth in an industrial construction hall.
N131	hotwork	0	none	A welder works behind a protective screen with a portable extinguisher, cable reel and steel sections on a clear construction floor.
N132	hotwork	1	unsecured	One grey gas cylinder stands free beside a newly welded pipe support in an unfinished mechanical room.
N133	hotwork	1	trolley	One blue gas cylinder is strapped to a mobile welding trolley parked beside a temporary electrical distribution box.
N134	hotwork	1	unsecured	From a safe distance, a worker welds a steel beam while one white gas cylinder stands free on bare concrete in the foreground.
N135	hotwork	1	unsecured	One rust-marked gas cylinder lies alone near a dormant cutting torch on a wide outdoor fabrication slab.
N136	rare_context	1	unsecured	In a coastal port-terminal project, one blue gas cylinder stands free beside pile-driving equipment under bright sea haze.
N137	rare_context	1	rack	At a remote wind-turbine foundation site, one grey gas cylinder is secured in a mobile rack beside concrete anchor forms.
N138	rare_context	1	unsecured	On a dam spillway construction platform, one white gas cylinder lies on a level concrete landing above a dry channel.
N139	rare_context	1	unsecured	Inside an airport terminal under construction, one silver gas cylinder stands free beneath an unfinished roof truss.
N140	rare_context	1	trolley	One blue gas cylinder is strapped to a trolley near a precast concrete assembly line in an open factory shed.
N141	rare_context	2	unsecured	At a large solar-farm construction site, two gas cylinders stand far apart near separate inverter foundations on gravel.
N142	rare_context	1	unsecured	One brown gas cylinder stands free beside a temporary timber stair at a mountain-road retaining-wall project.
N143	rare_context	1	rack	One white gas cylinder is secured in a fixed rack beside a municipal water-treatment plant extension.
N144	rare_context	1	unsecured	One blue gas cylinder lies horizontally near stacked stone cladding during renovation of an old industrial building.
N145	rare_context	1	unsecured	At a modular-building assembly yard, one grey gas cylinder stands free between two widely spaced prefabricated units.
N146	rare_context	0	none	A coastal construction staging area shows empty gas-cylinder carts, rope coils and steel piles beneath cloudy light.
N147	rare_context	1	trolley	One silver gas cylinder is strapped to a trolley beside an unfinished data-centre cooling plant.
N148	rare_context	1	unsecured	One white gas cylinder stands free on a narrow but level landing in a water-reservoir intake construction tunnel.
N149	rare_context	1	unsecured	On an open stadium roof-construction deck, one blue gas cylinder lies alone beside folded safety mesh under daylight.
N150	rare_context	1	rack	One brown gas cylinder is secured in a dedicated rack at a remote concrete batching-plant expansion site.
