"id","prompt","retained_images"
"N151","A realistic documentary photograph of a large group of twelve tall blue industrial gas cylinders stored upright inside a rectangular blue-painted steel cylinder storage cage at a Chinese construction site. The cage has four vertical steel posts, sturdy horizontal crossbars, an open top, and a clearly visible rectangular frame surrounding the entire group of cylinders. The cylinders are densely arranged in two rows, with weathered blue paint, rust marks, and individual metal valves. Wet concrete ground with puddles and reflections, reinforcing steel bars, concrete structures, and a tower crane in the background. Overcast rainy weather, eye-level three-quarter view, natural industrial lighting, realistic construction site photography.","5"
"N152","A photorealistic construction site photograph showing ten tall silver-gray compressed gas cylinders standing upright together inside a sturdy blue steel gas cylinder cage on an unfinished concrete floor. The cage is a clearly defined open rectangular metal frame with four upright corner posts, horizontal retaining bars at the top and middle, and a rigid bottom structure. All ten cylinders are closely packed, with rounded shoulders, individual valve assemblies, scratched metallic surfaces, and faded black markings. Scattered steel rebar, wooden formwork, temporary scaffolding, and stacked construction materials surround the cage. Bright midday sunlight, slightly elevated camera angle, medium-distance documentary photography with natural shadows and detailed industrial textures.","5"
"N153","A realistic photograph of two large blue steel gas cylinder storage cages positioned side by side in a busy outdoor construction material yard. One cage contains eight weathered blue compressed gas cylinders, while the other contains eight silver-gray cylinders, making sixteen clearly distinguishable upright cylinders in total. Both cages have open tops, rectangular steel frames, vertical supporting posts, and several horizontal metal retaining bars holding the cylinders together. The cylinders are closely arranged with visible rounded shoulders and valves. A temporary construction fence, stacks of black steel pipes, wooden pallets, concrete barriers, and unfinished building structures fill the background. Cloudy afternoon, slightly wide composition, natural colors, realistic industrial site photography.","4"
"N154","A close documentary photograph of nine tall white industrial compressed gas cylinders stored vertically inside a heavy-duty blue-painted rectangular steel cylinder cage in a partially enclosed construction basement. The nine cylinders form a dense group inside the same cage, with individual metal valves, rounded tops, dirty white surfaces, rust stains, and partially faded industrial labels. The cage has a rigid open-top structure, four vertical corner posts, thick horizontal retaining bars, and a visible lower metal frame. Rough concrete columns, exposed pipes, temporary lighting fixtures, scattered cables, and unfinished walls appear around the cage. Dim ambient daylight mixed with construction lighting, slightly low camera angle, realistic shadows and industrial wear.","5"
"N155","A highly realistic photograph of fourteen old blue industrial gas cylinders grouped tightly together in three rows inside a large rectangular blue steel storage cage on a muddy construction site. The cage has strong square steel corner posts, horizontal support rails, an open top, and a continuous metal frame visibly surrounding the entire cluster of upright cylinders. The cylinder bodies have peeling blue paint, corrosion patches, dirt stains, and worn valve fittings. Muddy tire tracks, shallow puddles, concrete blocks, temporary metal site offices, and stacked reinforcing bars are visible nearby. Soft overcast daylight after rainfall, wide three-quarter front view, authentic unedited construction site snapshot.","5"
"N156","A realistic construction progress photograph showing a long blue steel gas cylinder storage rack containing twelve upright industrial compressed gas cylinders on the concrete working platform of a high-rise building under construction. Seven cylinders are faded blue and five are metallic silver, arranged closely together in two parallel rows. The storage rack forms a complete rectangular protective cage, with vertical structural posts and strong horizontal metal bars along all sides, clearly enclosing and supporting the cylinders. Individual valves, metal caps, scratches, and weathering are visible. Construction scaffolding, bundled steel reinforcement, wooden formwork, safety railings, and distant building cranes form the background. Side-front camera view, natural late-afternoon daylight, realistic documentary photography.","5"
"N157","A realistic documentary photograph of ten tall weathered blue industrial compressed gas cylinders standing upright directly on the floor inside a small temporary corrugated metal storage shed at a Chinese construction site. Six cylinders are clustered closely against the left wall, while four more stand near the right wall. Each cylinder has its own valve assembly, rounded shoulder, scratched blue paint, and rust stains. The cylinders are loosely placed without any gas cylinder cage, protective steel rack, or securing chains. Gray corrugated metal walls, a dusty metal floor, a small ventilation opening, and an open doorway are visible. Natural daylight entering through the doorway, wide-angle interior view, authentic construction site photography.","4"
"N158","A photorealistic photograph showing nine tall dirty white compressed gas cylinders standing upright in a loose row beside the exterior wall of a temporary construction site building. The cylinders are placed directly on uneven muddy ground without a storage cage or any protective retaining frame. Their white paint is heavily stained with brown dirt, rust streaks, faded red markings, and scratches. Individual valves and rounded cylinder tops are clearly visible. Some cylinders lean slightly against each other while most remain upright. Large plastic water tanks, puddles, construction debris, and a weathered metal wall appear in the background. Cloudy daylight after rain, eye-level three-quarter view, realistic industrial site photography.","5"
"N159","A natural construction site photograph of twelve industrial compressed gas cylinders gathered together in an open outdoor material storage area. Seven cylinders are weathered blue and five are dull metallic silver, all standing vertically on rough concrete ground in several irregular groups. The cylinders have distinct rounded tops, individual valves, scratched metal bodies, and worn paint. They are placed freely beside construction materials without any surrounding metal cage, storage rack, or retaining bars. Stacks of steel pipes, wooden pallets, reinforcing bars, concrete blocks, and unfinished structural columns fill the surrounding worksite. Bright but slightly hazy afternoon sunlight, wide front-side camera view, realistic documentary photography with natural imperfections.","5"
"N160","A highly realistic photograph of eight tall silver-gray industrial gas cylinders standing closely together on the concrete floor of a partially covered construction storage area. The cylinders form a compact irregular cluster near an unfinished concrete column, with their individual valves and rounded metal shoulders visible at slightly different heights. Their surfaces show scratches, dirt, oxidation, and faded industrial markings. There is no enclosing gas cylinder cage, no steel storage frame, and no shared securing structure around the group. Timber planks, coiled electrical cables, metal scaffolding pipes, cement bags, and construction equipment appear nearby. Soft natural daylight entering from the open side of the shed, medium-distance eye-level photograph, realistic construction environment.","5"
"N161","A realistic wide-angle photograph of fourteen tall blue compressed gas cylinders stored carelessly in an open area near a deep building foundation excavation. The cylinders are standing upright directly on a rough concrete slab, forming two uneven clusters of different sizes with small gaps between individual cylinders. Most have faded dark blue paint, rusted lower sections, worn black valve fittings, and visible rounded tops. No cylinder cage, protective rack, or metal retaining structure surrounds them. Bundles of reinforcing steel, excavated soil, temporary guardrails, concrete retaining walls, and construction machinery are visible in the background. Slightly elevated camera viewpoint, bright overcast daylight, documentary-style construction safety inspection photography.","5"
"N162","A realistic wide-view photograph of a group of eleven industrial compressed gas cylinders placed directly on the ground beside an unfinished concrete building at an active Chinese construction site. Six cylinders are dirty white and five are faded blue, arranged in a loose irregular row along the wall with some standing close together and others separated by narrow gaps. All cylinders are upright and show their own rounded shoulders, individual valve assemblies, scratched surfaces, and signs of prolonged outdoor use. The group is completely exposed, without a steel gas cylinder cage or storage rack. Scaffolding, unfinished concrete walls, stacked timber, scattered rebar, safety barriers, and construction debris fill the wider scene. Natural morning daylight, distant three-quarter camera view, ordinary handheld documentary photograph.","5"
"N163","A realistic nighttime construction site photograph showing a large blue steel gas cylinder cage containing eleven upright industrial gas cylinders. The cage is a rigid rectangular storage frame with four corner posts, horizontal retaining bars, and an open top, clearly enclosing the cylinders. Seven cylinders are blue and four are silver-gray, all with visible valves, worn paint, scratches, and rust stains. The cage stands on a wet concrete surface under strong construction floodlights, with bright reflections on the ground. Background elements include temporary lighting towers, steel rebar bundles, scaffolding, safety barriers, and partially completed structural columns. Documentary-style industrial photography, medium-wide front-side view, realistic shadows and high-detail textures.","4"
"N164","A photorealistic construction site image of twelve upright compressed gas cylinders stored properly inside a rectangular blue-painted steel gas cylinder cage beside the base of a tower crane. The cylinders are densely arranged in two rows, with eight weathered blue cylinders and four dirty white cylinders. The cage has clearly visible vertical steel posts, strong horizontal bars, an open top, and a robust lower frame supporting the whole group. The surrounding site includes crane base concrete, stacks of timber formwork, steel reinforcement cages, yellow-black safety markings, and temporary fencing. Sunny daytime, slightly low camera angle, realistic construction safety inspection photo with natural colors and fine industrial detail.","5"
"N165","A realistic documentary photograph of nine tall industrial gas cylinders stored upright in a proper blue steel cylinder cage placed in a narrow passage between temporary site office cabins and a construction fence. The cage is a clearly defined rectangular metal frame with an open top, four upright posts, and horizontal retaining rails around the cylinders. The nine cylinders are mostly silver-gray with two faded blue ones, tightly grouped and clearly separated as individual cylinders with rounded shoulders and metal valve assemblies. The ground is compacted dirt mixed with gravel, with cable trays, warning signs, utility pipes, and portable site equipment nearby. Eye-level perspective, natural morning light, authentic construction site photography.","5"
"N166","A highly realistic construction photograph showing a blue rectangular steel gas cylinder storage cage containing ten upright industrial cylinders under the edge of a newly cast concrete slab. The cylinders are arranged closely in two compact rows, with six white cylinders and four blue cylinders, all with visible valve heads, chipped paint, grime, and surface corrosion. The cage structure is complete and unmistakable, with vertical corner members, horizontal support bars, and an open-top protective design. The surrounding environment includes concrete columns, slab formwork supports, stacked plywood panels, scaffold frames, and hanging electrical conduits. Soft diffused daylight, side-front composition, practical site inspection photo style.","5"
"N167","A realistic wide-angle photograph of two separate blue steel gas cylinder cages placed along a temporary access road inside a large construction site. Each cage is a sturdy open-top rectangular steel frame with vertical posts and horizontal retaining bars. One cage contains six upright weathered blue gas cylinders, and the other cage contains seven upright silver cylinders, making thirteen cylinders in total. The cylinders show worn paint, dirt marks, valve hardware, and different degrees of weather exposure. The road surface is dusty with tire tracks, and the background includes dump trucks, temporary road plates, traffic cones, concrete pipe sections, and unfinished building structures. Daytime, long shot with a broad field of view, documentary construction photography.","5"
"N168","A photorealistic image of a rooftop construction work area showing a large blue steel gas cylinder cage with eight upright industrial compressed gas cylinders stored properly inside. The cage is clearly visible and structurally complete, with a rectangular open-top design, strong corner posts, and horizontal retention bars securing the cylinders as a group. Five cylinders are dull metallic silver and three are faded blue, with weathered surfaces, small scratches, dirt streaks, and visible valves. The rooftop area has safety railings, ventilation ducts, cable reels, unfinished mechanical installations, and distant city buildings in the background. Bright afternoon sunlight, slightly elevated viewpoint, crisp realistic industrial photo.","5"
"N169","A realistic documentary photograph of ten industrial gas cylinders standing upright in small loose groups beside a temporary welding area at a Chinese construction site. Six cylinders are blue and four are silver-gray, all placed directly on the ground without any cylinder cage, metal storage frame, or retaining structure. The cylinders have rounded tops, individual valves, worn paint, dirt stains, and scratched surfaces. Nearby are welding cables, metal cutting tools, steel plates, scattered rebar pieces, and a portable welding machine. The ground is rough concrete with dust and debris. Natural daytime lighting, medium-distance eye-level view, authentic site safety inspection photography.","1"
"N170","A highly realistic construction site photograph showing eleven upright gas cylinders loosely placed along the wall of an unfinished basement work area. The cylinders are mostly dirty white with several faded blue ones, standing directly on the concrete floor in an irregular row with uneven spacing. Each cylinder has a visible valve assembly, chipped paint, rust marks, and signs of heavy use. There is no storage cage, no steel rack, and no common securing structure. The surroundings include damp concrete walls, utility pipes, puddles, temporary lights, coiled hoses, and construction materials stacked nearby. Low ambient light with some artificial illumination, front-oblique view, realistic industrial atmosphere.","5"
"N171","A realistic wide construction-site image of thirteen tall industrial gas cylinders placed casually in a rebar processing area. The cylinders are arranged in two irregular clusters on the ground, with a mix of blue, white, and metallic silver bodies. They stand upright without any protective cage or shared frame, surrounded by bent reinforcement bars, cutting tables, steel offcuts, wooden spacers, and heavy construction clutter. Each cylinder shows worn surfaces, valve details, scratches, and dirt accumulation. The ground is dusty and uneven, and the background includes workers’ temporary shelters and partial structural works. Bright hazy sunlight, wide three-quarter view, natural unedited documentary style.","5"
"N172","A photorealistic construction safety photograph showing eight dirty white compressed gas cylinders standing upright near the muddy entrance of a busy construction site. The cylinders are placed directly on wet ground beside concrete barriers and temporary fencing, without a gas cylinder cage, storage rack, or restraint system. Their paint is stained with mud and rust, and each cylinder has a distinct rounded shoulder and visible valve. Puddles, vehicle tracks, portable signboards, stacked materials, and delivery activity are visible in the background. Overcast weather after rain, eye-level front-side angle, realistic site environment with strong texture detail.","5"
"N173","A realistic photograph of nine industrial gas cylinders stored casually under a simple temporary canopy made of steel pipes and corrugated sheets. The cylinders, a mix of blue and silver-gray, stand upright directly on a rough concrete surface in a dense but unstructured cluster. Their valves, worn paint, scratches, oxidation, and dirt are clearly visible. There is no enclosing steel cage, no rack, and no proper fixing system around the group. Nearby objects include cement bags, timber planks, buckets, electrical cords, and construction hand tools. Soft side lighting from the open edge of the canopy, medium shot, authentic construction site documentation style.","5"
"N174","A realistic documentary image showing twelve upright compressed gas cylinders placed loosely beside exterior scaffolding along the façade of an unfinished concrete building. Seven cylinders are faded blue and five are dirty white, arranged in an uneven line with some slightly grouped together. All cylinders stand directly on the ground with visible valves, weathered paint, rust streaks, and construction dust. No steel cylinder cage, storage enclosure, or retaining bars are present. The surrounding area includes façade scaffolding, stacked plaster boards, timber formwork, rebar bundles, debris piles, and temporary safety barriers. Natural afternoon daylight, distant front-oblique perspective, practical handheld construction site photography.","5"
