id	source_photo	count	placement	prompt_core
R001	real_photo_1.png	0	none	A red fire extinguisher lies on muddy construction ground among timber offcuts and rebar under soft daylight.
R002	real_photo_2.png	1	rack	In a dim steel-frame work area, a worker welds beside one blue gas cylinder secured in a metal rack; sparks illuminate the scene.
R003	real_photo_3.png	1	unsecured	Under harsh sun on an open concrete deck, one weathered dark brown gas cylinder stands free beside steel equipment boxes; scaffolding fills the distance.
R004	real_photo_4.png	2	unsecured	In a dim underground work area, two dark brown gas cylinders stand separately on bare concrete beside a grey partition and a small fire extinguisher.
R005	real_photo_5.png	2	rack	On a bright outdoor site, two blue gas cylinders sit in separate bays of a transport rack beside timber scraps; green scaffold screens recede behind.
R006	real_photo_6.png	1	unsecured	On a wet basement slab among concrete columns and puddles, one silver gas cylinder stands free near rebar bundles.
R007	real_photo_7.png	1	rack	After rain, one blue gas cylinder is secured in a mobile rack beside bundled scaffold pipes; puddles and a parked crane truck fill the background.
R008	real_photo_8.png	1	unsecured	On an elevated platform, one dark maroon gas cylinder stands free near a mesh-covered scaffold barrier above an excavation.
R009	real_photo_9.png	1	rack	An outdoor yard contains a green oil drum and one blue gas cylinder in a steel cage; wire spools and scrap timber lie nearby.
R010	real_photo_10.png	0	none	An orange wheeled air compressor with black receiver tanks and rubber hoses rests on rough concrete at an active construction site.
R011	real_photo_11.png	1	unsecured	One weathered blue gas cylinder with a regulator stands free near a scaffold safety rail; a hose trails over dusty concrete.
R012	real_photo_12.png	2	unsecured	Two brown gas cylinders stand apart along an exposed concrete wall in an unfinished interior, with a red hose and a leaning timber panel.
R013	real_photo_13.png	1	rack	From an elevated viewpoint across a broad steel-frame project, one blue gas cylinder is secured in a cage on a concrete ledge.
R014	real_photo_14.png	2	rack	On a rain-soaked construction deck, two blue and silver gas cylinders occupy separate bays of a metal transport cage.
R015	real_photo_15.png	1	rack	Inside a scaffold-filled building site, one dark blue gas cylinder is secured in a rack beside neatly stacked metal pipes.
R016	real_photo_16.png	1	trolley	In a sunny construction yard, one dark blue gas cylinder is strapped to a hand trolley beside a separate red fire extinguisher trolley.
R017	real_photo_17.png	1	unsecured	An inspection view shows the full weathered blue gas cylinder standing free, with its brass valve and pressure regulator sharply visible.
R018	real_photo_18.png	1	trolley	One blue gas cylinder is strapped to a weathered hand truck in a gritty yard with rebar scrap, wire mesh, and a distant worker.
R019	real_photo_19.png	1	unsecured	On the uneven floor of a large unfinished interior, one dark blue gas cylinder stands free beside a coiled hose and scattered timber.
R020	real_photo_20.png	0	none	A worker in a high-visibility vest stands by a temporary shed on a muddy construction site with timber scrap and a distant crane.
R021	real_photo_21.png	0	none	Two dusty red fire extinguishers lie inside an open red steel cabinet with an inspection sheet beneath diffused site lighting.
R022	real_photo_22.png	2	unsecured	Two weathered gas cylinders, white and brown, stand separately on an untidy construction platform near coiled rope and a large puddle.
R023	real_photo_23.png	0	none	A worker in a blue reflective vest stands beside an orange welding inverter; cables and cardboard boxes clutter the daylight construction area.
R024	real_photo_24.png	2	rack	In a damp site storage area, one blue and one white gas cylinder are secured in separate bays of a metal rack against scaffolding.
R025	real_photo_25.png	1	rack	A worker walks past a muddy pool and rebar bundles while one blue gas cylinder sits secured in a rack under a steel framework.
R026	real_photo_26.png	2	mixed	On a busy outdoor work deck, one blue gas cylinder is secured in a rack while a second stands free several metres away; workers handle rebar.
R027	real_photo_27.png	0	none	An open red metal extinguisher box holds two dusty extinguishers on an unfinished concrete floor amid small pieces of debris.
R028	real_photo_28.png	1	unsecured	An inspection view shows one full weathered blue gas cylinder standing free, its regulator and valve visible against blurred rebar.
R029	real_photo_29.png	1	unsecured	One blue gas cylinder stands free beside a purple tarp on a cluttered outdoor deck with rebar bundles and timber under harsh sun.
R030	real_photo_30.png	1	unsecured	One weathered blue gas cylinder lies horizontally on rough concrete with loose rebar beside it, surrounded by sacks and timber scraps.
R031	real_photo_31.png	0	none	A red fire extinguisher rests beside a cutting table amid formwork boards and wiring on an overcast outdoor construction deck.
R032	real_photo_32.png	2	rack	Two silver gas cylinders occupy separate bays in a blue transport cage beside curved rebar bundles under intense midday sun.
R033	real_photo_33.png	1	unsecured	On a cloudy rooftop construction area, one blue gas cylinder stands free near plywood stacks and temporary site huts.
R034	real_photo_34.png	2	rack	Two blue gas cylinders are secured with space between them in a manifold rack beyond a dense rebar grid on a sunny upper floor.
R035	real_photo_35.png	0	none	Weathered steel scaffolding frames an elevated view of an excavation with concrete platforms and safety netting under an overcast sky.
R036	real_photo_36.png	2	rack	In a bright dusty yard, two silver gas cylinders occupy separate positions in a blue rack shaded by green and yellow tarps.
R037	real_photo_37.png	0	none	A high-angle view through scaffold walkways looks into a muddy construction pit with retaining walls and a distant mobile crane.
R038	real_photo_38.png	1	unsecured	An inspection image shows one full brown gas cylinder standing free, with its valve and brass fittings visible against blurred scaffolding.
R039	real_photo_39.png	2	mixed	Inside a scaffold network, one blue gas cylinder is secured in a rack and one brown cylinder stands free by a pillar, clearly separated.
R040	real_photo_40.png	1	unsecured	One brown gas cylinder stands free beside a rusty scaffold pole; its full body, brass regulator and blue gauges remain visible.
R041	real_photo_41.png	2	rack	On an upper steel-frame deck, two blue and silver gas cylinders occupy separate bays in a manifold cage near a red ladder.
R042	real_photo_42.png	1	unsecured	In a dim flooded underground shaft, one dark blue gas cylinder stands free by a concrete pillar beyond floating timber and safety barriers.
R043	real_photo_43.png	2	rack	Inside a corrugated metal storage shed, two weathered blue gas cylinders stand in separate anchored rack bays across a clear aisle.
R044	real_photo_44.png	2	unsecured	After rain, two white gas cylinders stand free with clear space between them beside a container wall and striped concrete barrier.
R045	real_photo_45.png	2	trolley	Two blue gas cylinders are separately strapped to individual wheeled stands on a smooth concrete floor, with hoses leading toward a safety barrier.
R046	real_photo_46.png	2	unsecured	On a sunny upper deck, two white gas cylinders stand apart near a concrete edge beyond rebar mesh; a worker and wrapped machine remain behind.
R047	real_photo_47.png	1	trolley	In a wide empty indoor construction hall, one grey gas cylinder is strapped to a blue hand truck with hoses on the floor.
R048	real_photo_48.png	1	unsecured	One white gas cylinder stands free beside an orange welding inverter on a dense outdoor rebar platform under daylight.
R049	real_photo_49.png	1	trolley	One dark brown gas cylinder is strapped to a heavy steel cart beside a separate red fire extinguisher and blue structural column.
R050	real_photo_50.png	0	none	A fallen red fire extinguisher lies beside a table saw on a timber formwork platform while distant workers handle rebar.
R051	real_photo_51.png	1	unsecured	In a bright unfinished industrial hall, one blue gas cylinder stands free near a recessed floor pit and a boom lift.
R052	real_photo_52.png	1	rack	Steel cable clamps fill one side of the foreground; at medium distance, one blue gas cylinder is secured in a rack under a green tarp.
R053	real_photo_53.png	1	trolley	One weathered grey gas cylinder is strapped to an angled blue hand cart on dusty indoor concrete beside a red extinguisher.
R054	real_photo_54.png	1	unsecured	An inspection view shows one full brown gas cylinder standing free beside a green tarp, with a visible valve and blue hose.
R055	real_photo_55.png	0	none	Two dusty red fire extinguishers rest side by side in an open steel box with an inspection sheet on its raised lid.
R056	real_photo_56.png	1	rack	Through layered scaffold walkways and safety nets, one industrial gas cylinder is visible in a rack on a construction slab.
R057	real_photo_57.png	0	none	A single dusty red portable fire extinguisher lies inside an open fire cabinet in a dim construction basement.
R058	real_photo_58.png	0	none	Two red fire extinguishers sit in an open equipment box, with handles and gauges visible beneath a paper inspection log.
R059	real_photo_59.png	1	rack	A flashlight illuminates a fallen red fire extinguisher beside one blue gas cylinder secured in a metal rack in a dark basement.
R060	real_photo_60.png	1	trolley	A white-and-blue gas cylinder is strapped to a yellow welding trolley beside a striped safety barrier on a dusty slab.
R061	real_photo_61.png	2	unsecured	In a dim underground level, one white and one dark blue gas cylinder stand apart on bare concrete against an unfinished wall.
R062	real_photo_62.png	2	unsecured	Two blue gas cylinders stand free with space between them beside red-and-white striped structural columns in a site corridor.
R063	real_photo_63.png	2	unsecured	In an unfinished concrete passage, two weathered white gas cylinders stand apart before yellow mesh barriers and a rebar shaft.
R064	real_photo_64.png	1	unsecured	One metal gas cylinder stands free beside a welding workbench, paint buckets, tools, and shovels in a dim site zone.
R065	real_photo_65.png	1	unsecured	In a muddy tunnel work area, one blue gas cylinder stands free near a red forklift and the distant boring-machine entrance.
R066	real_photo_66.png	1	trolley	One gas cylinder is strapped to a parked dolly behind rusty steel plates in a viaduct construction yard.
R067	real_photo_67.png	2	unsecured	Two weathered white gas cylinders stand apart beside coiled hoses above a muddy tunnel excavation and shield-machine face.
R068	real_photo_68.png	2	rack	An inspector reviews a document beside a transport cage holding two blue gas cylinders in separate bays in a sunlit terminal project.
R069	real_photo_69.png	2	unsecured	In a dim tunnel area, two weathered blue gas cylinders stand apart on bare concrete near a striped barrier and distant worker.
R070	real_photo_70.png	2	unsecured	Two weathered white gas cylinders stand separately in shallow muddy water by an unfinished basement pillar.
R071	real_photo_71.png	1	unsecured	At night in a cavernous basement, one dark brown gas cylinder stands free beside welding cables and reflective wet steel floor plates.
R072	real_photo_72.png	0	none	Two red fire extinguishers lie along the base of a yellow mesh safety fence on a sunny concrete construction floor.
R073	real_photo_73.png	2	unsecured	Two white gas cylinders stand free in distinct positions behind a black mobile safety barrier on a wet basement floor.
R074	real_photo_74.png	2	unsecured	Two silver gas cylinders stand side by side with visible space between them at the base of a concrete pillar in an underground level.
R075	real_photo_75.png	2	unsecured	In a tunnel pit under floodlights, one white and one blue gas cylinder stand apart near hoses and scaffold legs.
R076	real_photo_76.png	2	rack	In a multi-level unfinished building, two blue gas cylinders sit in separate rack bays beneath temporary steel stairs.
R077	real_photo_77.png	1	unsecured	One blue gas cylinder stands free before a dusty green tarp beside a yellow hand trolley carrying a red fire extinguisher.
R078	real_photo_78.png	1	unsecured	One weathered white gas cylinder stands free in overhead sunlight, its regulator connected to a red hose beside steel tracks.
R079	real_photo_79.png	2	unsecured	Two silver-grey gas cylinders stand apart against a low striped concrete ledge on an outdoor deck near a drainage hose.
R080	real_photo_80.png	2	rack	Two silver-grey gas cylinders occupy separate bays in a blue transport cage on an outdoor scaffold deck under overcast light.
R081	real_photo_81.png	2	unsecured	Two scratched blue gas cylinders stand separately against a corrugated grey barrier wall with a crumpled green tarp nearby.
R082	real_photo_82.png	2	unsecured	Two faded blue gas cylinders stand free with space between them outside a closed white site storage shed.
R083	real_photo_83.png	1	trolley	One white gas cylinder is strapped upright to a two-wheeled hand trolley on a sunny platform with red hoses and turf screening.
R084	real_photo_84.png	1	trolley	A worker in a blue hard hat moves one blue gas cylinder strapped to a mobile trolley across a rebar-studded outdoor deck.
R085	real_photo_85.png	2	unsecured	Two weathered white gas cylinders stand apart on a concrete deck beneath scaffolding beside a red fire extinguisher.
R086	real_photo_86.png	2	unsecured	Two weathered white gas cylinders lie horizontally with clear space between them on geotextile fabric beside timber scraps.
R087	real_photo_87.png	2	unsecured	On a bright rooftop deck, two blue gas cylinders stand separately among rebar bundles and plywood formwork.
R088	real_photo_88.png	2	secured	In a material yard, one blue gas cylinder is secured in a transport cage and a second is strapped to a hand cart several metres away.
R089	real_photo_89.png	1	rack	From a high angle, one gas cylinder is secured in a blue manifold rack behind a tilted empty carrier cart and timber scraps.
R090	real_photo_90.png	2	rack	Two silver-grey gas cylinders occupy distinct bays of a blue transport cage on a wet rebar deck beneath tower cranes.
R091	real_photo_91.png	2	unsecured	Two weathered blue gas cylinders lie separately on concrete before a white safety billboard amid steel framing.
R092	real_photo_92.png	2	unsecured	After rain, two white gas cylinders lie separately between timber planks on muddy concrete near material pallets.
R093	real_photo_93.png	1	unsecured	One weathered blue gas cylinder lies horizontally on a tarp-covered concrete beam amid protruding rebar and wet formwork.
